cluster_id,complaint_count,has_data,error,main_issue,common_patterns,severity,root_cause,recommended_action,full_analysis
0,24,Yes,,"The primary issue is a breakdown in core digital and financial systems, leading to significant customer frustration, unexpected charges, and service disruptions.","Recurring patterns include autopay failures resulting in late fees, denied insurance claims, unexpected international roaming charges, and website errors preventing bill payment.",,"The likely root cause is systemic instability and bugs within the company's billing platforms, website, and account management systems.",Prioritize a technical audit and bug-fix sprint focused on the autopay system and website payment portal to address the most critical financial and usability failures.,"Here is the analysis of the customer complaint cluster: **1. Main Issue**: The primary issue is a breakdown in core digital and financial systems, leading to significant customer frustration, unexpected charges, and service disruptions. **2. Common Patterns**: Recurring patterns include autopay failures resulting in late fees, denied insurance claims, unexpected international roaming charges, and website errors preventing bill payment. **3. Severity Assessment**: **High**, due to the frequency of issues causing direct financial impact (late fees, denied claims) and blocking access to essential account functions. **4. Root Cause**: The likely root cause is systemic instability and bugs within the company's billing platforms, website, and account management systems. **5. Recommended Action**: Prioritize a technical audit and bug-fix sprint focused on the autopay system and website payment portal to address the most critical financial and usability failures."
1,24,Yes,,"The central theme of this cluster is a severe breakdown in customer service quality, characterized by unhelpful representatives and frustrating administrative processes.","Recurring complaints include rude or unhelpful staff, difficulty canceling service, poor network signal, and a confusing website.",,"These issues likely stem from inadequate training, low morale, or poor management at a specific regional call center responsible for this geographic area.","Immediately investigate the performance, training standards, and management of the customer support team serving this Dallas-area cluster to address the conduct and process failures.","Here is the analysis of the customer complaint cluster: **1. Main Issue**: The central theme of this cluster is a severe breakdown in customer service quality, characterized by unhelpful representatives and frustrating administrative processes. **2. Common Patterns**: Recurring complaints include rude or unhelpful staff, difficulty canceling service, poor network signal, and a confusing website. **3. Severity Assessment**: **High**. The high frequency of complaints about staff conduct and service cancellation represents a significant risk to customer retention and brand reputation. **4. Root Cause**: These issues likely stem from inadequate training, low morale, or poor management at a specific regional call center responsible for this geographic area. **5. Recommended Action**: Immediately investigate the performance, training standards, and management of the customer support team serving this Dallas-area cluster to address the conduct and process failures."
2,21,Yes,,This cluster's primary problem is a severe breakdown in core financial and support systems. Customers are experiencing frequent billing errors and are subsequently unable to resolve them due to ineffective customer service and failing digital platforms.,"The most common patterns are incorrect billing (double charges, missing discounts), frustrating customer service loops (repeated transfers without resolution), and a non-functional website that crashes during critical tasks like bill payment.",High. The financial nature of the billing errors combined with the inability to get help creates significant customer frustration and distrust.,"These issues likely stem from a systemic failure in the backend billing software, compounded by a poorly trained or disempowered customer support team.","Immediately prioritize a comprehensive audit of the billing system to identify and fix the source of the recurring inaccuracies, as this is the most damaging issue.","Here is the analysis of Cluster 2: **Main Issue**: This cluster's primary problem is a severe breakdown in core financial and support systems. Customers are experiencing frequent billing errors and are subsequently unable to resolve them due to ineffective customer service and failing digital platforms. **Common Patterns**: The most common patterns are incorrect billing (double charges, missing discounts), frustrating customer service loops (repeated transfers without resolution), and a non-functional website that crashes during critical tasks like bill payment. **Severity Assessment**: High. The financial nature of the billing errors combined with the inability to get help creates significant customer frustration and distrust. **Root Cause**: These issues likely stem from a systemic failure in the backend billing software, compounded by a poorly trained or disempowered customer support team. **Recommended Action**: Immediately prioritize a comprehensive audit of the billing system to identify and fix the source of the recurring inaccuracies, as this is the most damaging issue."
3,23,No,,,,,,,
4,30,No,,,,,,,
5,33,No,,,,,,,
6,20,No,,,,,,,
7,20,Yes,,"The primary theme is a failure to deliver on core promises, with customers experiencing a significant gap between the services they pay for (e.g., 5G plans, accurate billing) and the actual quality and reliability they receive.","Recurring issues include persistent billing errors, unfulfilled plan promises (both price and 5G service), poor network coverage, and a frustrating digital experience with the website and autopay systems.",,"The geographic concentration of network quality complaints (no 5G, signal drops) alongside systemic billing and website failures suggests a combination of a degraded local cell tower and broader, unresolved system-level bugs.",Immediately prioritize an engineering review of the network infrastructure serving this area and simultaneously flag the recurring billing and autopay complaints to the appropriate IT and finance teams for investigation.,"Here is the analysis of the customer complaint cluster: **1. Main Issue**: The primary theme is a failure to deliver on core promises, with customers experiencing a significant gap between the services they pay for (e.g., 5G plans, accurate billing) and the actual quality and reliability they receive. **2. Common Patterns**: Recurring issues include persistent billing errors, unfulfilled plan promises (both price and 5G service), poor network coverage, and a frustrating digital experience with the website and autopay systems. **3. Severity Assessment**: **High**, due to the frequency of complaints impacting core service functionality and causing direct financial harm to customers. **4. Root Cause**: The geographic concentration of network quality complaints (no 5G, signal drops) alongside systemic billing and website failures suggests a combination of a degraded local cell tower and broader, unresolved system-level bugs. **5. Recommended Action**: Immediately prioritize an engineering review of the network infrastructure serving this area and simultaneously flag the recurring billing and autopay complaints to the appropriate IT and finance teams for investigation."
8,31,Yes,,"The primary theme is a breakdown in billing accuracy and customer trust, driven by repeated autopay failures and promised discounts not being applied.","Recurring issues include autopay system failures leading to incorrect late fees, missing promotional discounts, poor network signal (dropped calls/no 5G), and negative customer service experiences.","High, due to the direct financial impact on customers and the significant erosion of trust caused by billing errors and unfulfilled promises.","A potential root cause is a systemic issue within the billing and promotions platform, compounded by customer service representatives being inadequately equipped to resolve these financial discrepancies.",Prioritize an urgent technical audit of the autopay system and the process for applying promotional codes to identify and rectify the source of these billing failures.,"Here is the analysis of the customer complaint cluster: **1. Main Issue**: The primary theme is a breakdown in billing accuracy and customer trust, driven by repeated autopay failures and promised discounts not being applied. **2. Common Patterns**: Recurring issues include autopay system failures leading to incorrect late fees, missing promotional discounts, poor network signal (dropped calls/no 5G), and negative customer service experiences. **3. Severity Assessment**: High, due to the direct financial impact on customers and the significant erosion of trust caused by billing errors and unfulfilled promises. **4. Root Cause**: A potential root cause is a systemic issue within the billing and promotions platform, compounded by customer service representatives being inadequately equipped to resolve these financial discrepancies. **5. Recommended Action**: Prioritize an urgent technical audit of the autopay system and the process for applying promotional codes to identify and rectify the source of these billing failures."
9,20,Yes,,"The primary problem is severe network performance degradation, specifically unusable data speeds and a lack of advertised 5G coverage. This core service failure is compounded by a secondary pattern of billing inaccuracies and deceptive charges.","Recurring complaints focus on ""incredibly slow"" or ""unusable"" data, dropped calls, and customers not receiving the 5G service they are paying for, alongside multiple instances of billing being higher than promised.",High. The issues relate to the failure of core services and accusations of false advertising and dishonest billing.,"The geographic concentration of these complaints strongly suggests a localized network infrastructure problem, such as a malfunctioning or congested cell tower in that specific area.","Immediately dispatch a network engineering team to the geographic center (Lat 32.801653, Lon -96.751884) to investigate and resolve the probable equipment failure or coverage gap.","Here is the analysis of Cluster 9: **Main Issue**: The primary problem is severe network performance degradation, specifically unusable data speeds and a lack of advertised 5G coverage. This core service failure is compounded by a secondary pattern of billing inaccuracies and deceptive charges. **Common Patterns**: Recurring complaints focus on ""incredibly slow"" or ""unusable"" data, dropped calls, and customers not receiving the 5G service they are paying for, alongside multiple instances of billing being higher than promised. **Severity Assessment**: High. The issues relate to the failure of core services and accusations of false advertising and dishonest billing. **Root Cause**: The geographic concentration of these complaints strongly suggests a localized network infrastructure problem, such as a malfunctioning or congested cell tower in that specific area. **Recommended Action**: Immediately dispatch a network engineering team to the geographic center (Lat 32.801653, Lon -96.751884) to investigate and resolve the probable equipment failure or coverage gap."
10,24,Yes,,"The primary theme is a severe failure in core service delivery, encompassing both poor network performance and ineffective customer support.","Recurring issues include dropped calls, unusable data speeds, billing errors, and frustrating customer service experiences with long waits and unresolved problems.","High, due to frequent complaints about the fundamental usability of the service and significant billing disputes.","These concentrated complaints likely stem from a localized network infrastructure problem, such as a malfunctioning or congested cell tower in this Dallas-area cluster.",Prioritize dispatching a network engineering team to investigate and repair the cell tower(s) serving this geographic area to address the core service quality failures.,"Here is the analysis of the customer complaint cluster: **Main Issue**: The primary theme is a severe failure in core service delivery, encompassing both poor network performance and ineffective customer support. **Common Patterns**: Recurring issues include dropped calls, unusable data speeds, billing errors, and frustrating customer service experiences with long waits and unresolved problems. **Severity Assessment**: High, due to frequent complaints about the fundamental usability of the service and significant billing disputes. **Root Cause**: These concentrated complaints likely stem from a localized network infrastructure problem, such as a malfunctioning or congested cell tower in this Dallas-area cluster. **Recommended Action**: Prioritize dispatching a network engineering team to investigate and repair the cell tower(s) serving this geographic area to address the core service quality failures."
11,21,Yes,,"This cluster indicates widespread service delivery failures, with customers experiencing significant frustration across core functions including network performance, billing accuracy, and customer support.","The most frequent complaints involve repeated device insurance claim denials, website failures during bill payment, billing errors, and unresolved issues with customer service.",High. The volume and emotional intensity of complaints regarding fundamental services like billing and claims suggest a significant risk of customer churn.,"The diversity of issues points to systemic breakdowns in operational processes and backend systems, particularly those governing billing and third-party services like insurance.","Prioritize an immediate investigation into the device insurance claim process for this area, as it is the most frequently repeated and severe complaint.","Here is the analysis of Cluster 11: **Main Issue**: This cluster indicates widespread service delivery failures, with customers experiencing significant frustration across core functions including network performance, billing accuracy, and customer support. **Common Patterns**: The most frequent complaints involve repeated device insurance claim denials, website failures during bill payment, billing errors, and unresolved issues with customer service. **Severity Assessment**: High. The volume and emotional intensity of complaints regarding fundamental services like billing and claims suggest a significant risk of customer churn. **Root Cause**: The diversity of issues points to systemic breakdowns in operational processes and backend systems, particularly those governing billing and third-party services like insurance. **Recommended Action**: Prioritize an immediate investigation into the device insurance claim process for this area, as it is the most frequently repeated and severe complaint."
12,22,Yes,,"The primary theme is a poor and inefficient customer service experience, especially when customers are trying to resolve billing errors or get technical support.","Recurring issues include billing discrepancies (failed autopay, unexpected roaming charges, missing discounts) and ineffective support processes (multiple transfers, long wait times, unresolved problems).","High. The issues involve financial disputes and significant customer frustration, posing a high risk of customer churn.",The underlying problem appears to be a combination of faulty automated systems (for billing/autopay) and inadequately trained or empowered support staff who cannot resolve issues on the first contact.,"Prioritize empowering front-line support agents with the authority and tools to correct common billing errors directly, reducing the need for transfers and improving first-call resolution rates.","Here is the analysis of the customer complaint cluster: **1. Main Issue**: The primary theme is a poor and inefficient customer service experience, especially when customers are trying to resolve billing errors or get technical support. **2. Common Patterns**: Recurring issues include billing discrepancies (failed autopay, unexpected roaming charges, missing discounts) and ineffective support processes (multiple transfers, long wait times, unresolved problems). **3. Severity Assessment**: High. The issues involve financial disputes and significant customer frustration, posing a high risk of customer churn. **4. Root Cause**: The underlying problem appears to be a combination of faulty automated systems (for billing/autopay) and inadequately trained or empowered support staff who cannot resolve issues on the first contact. **5. Recommended Action**: Prioritize empowering front-line support agents with the authority and tools to correct common billing errors directly, reducing the need for transfers and improving first-call resolution rates."
13,46,Yes,,"The primary problem is a high frequency of significant billing errors, coupled with inconsistent network performance in this specific geographic area.","Recurring monthly billing mistakes, website failures during payment, and difficult cancellation processes are the most common negative patterns. Feedback on network quality is highly polarized, with some customers experiencing excellent 5G speeds while others report unusable data and dropped calls.","High. The repeated, core service failures like incorrect billing and poor network reliability indicate a serious systemic issue that will likely lead to high customer churn.","These problems likely stem from a faulty backend billing system causing errors, combined with a localized network infrastructure issue (e.g., an overloaded or malfunctioning cell tower) creating inconsistent service quality.","Prioritize an urgent technical audit of the billing platform to identify the source of the recurring errors, and simultaneously dispatch a network engineering team to investigate and optimize the infrastructure performance at the cluster's geographic center.","Here is the analysis for Cluster 13: **Main Issue**: The primary problem is a high frequency of significant billing errors, coupled with inconsistent network performance in this specific geographic area. **Common Patterns**: Recurring monthly billing mistakes, website failures during payment, and difficult cancellation processes are the most common negative patterns. Feedback on network quality is highly polarized, with some customers experiencing excellent 5G speeds while others report unusable data and dropped calls. **Severity Assessment**: High. The repeated, core service failures like incorrect billing and poor network reliability indicate a serious systemic issue that will likely lead to high customer churn. **Root Cause**: These problems likely stem from a faulty backend billing system causing errors, combined with a localized network infrastructure issue (e.g., an overloaded or malfunctioning cell tower) creating inconsistent service quality. **Recommended Action**: Prioritize an urgent technical audit of the billing platform to identify the source of the recurring errors, and simultaneously dispatch a network engineering team to investigate and optimize the infrastructure performance at the cluster's geographic center."
14,21,Yes,,"This cluster reveals a severe inconsistency in customer experience quality. While some customers report positive interactions, a significant number face unresolved issues and poor service, particularly when dealing with support channels.","Recurring issues include unresolved billing errors, unhelpful or rude representatives leading to multiple transfers, and frustration with difficult processes like cancellations or insurance claims.","High. The intensity of negative feedback (""scammed,"" ""worst experience ever"") and the repeated nature of problems like monthly billing errors indicate a significant risk of customer churn.","The root cause appears to be inadequate agent training and flawed internal support processes, preventing agents from effectively resolving customer issues on the first contact.",Prioritize a review of agent training and escalation procedures for billing disputes and technical support. Empowering representatives with the tools and authority to resolve these common problems will directly address the core frustrations in this cluster.,"Here is the analysis of the customer complaint cluster: **1. Main Issue**: This cluster reveals a severe inconsistency in customer experience quality. While some customers report positive interactions, a significant number face unresolved issues and poor service, particularly when dealing with support channels. **2. Common Patterns**: Recurring issues include unresolved billing errors, unhelpful or rude representatives leading to multiple transfers, and frustration with difficult processes like cancellations or insurance claims. **3. Severity Assessment**: High. The intensity of negative feedback (""scammed,"" ""worst experience ever"") and the repeated nature of problems like monthly billing errors indicate a significant risk of customer churn. **4. Root Cause**: The root cause appears to be inadequate agent training and flawed internal support processes, preventing agents from effectively resolving customer issues on the first contact. **5. Recommended Action**: Prioritize a review of agent training and escalation procedures for billing disputes and technical support. Empowering representatives with the tools and authority to resolve these common problems will directly address the core frustrations in this cluster."
15,20,Yes,,"The primary issue in this cluster is a severe degradation of core service quality, specifically focused on poor network performance and unexpected billing inaccuracies.","Recurring complaints point to unusable data speeds, dropped calls, and horrible coverage, alongside frustrations with surprise international roaming charges and missing discounts. In contrast, there is also a pattern of positive feedback specifically praising the helpfulness of customer service representatives.","High. The complaints indicate a fundamental failure of the network service, which is the company's core product.","The geographically concentrated network complaints strongly suggest a localized infrastructure problem, such as a malfunctioning cell tower, outdated equipment, or extreme network congestion in the area.",Immediately dispatch a network engineering team to investigate and diagnose the performance of cell towers and equipment serving the area around the geographic center to address the root cause of the service failures.,"Here is the analysis of the customer complaint cluster: **1. Main Issue**: The primary issue in this cluster is a severe degradation of core service quality, specifically focused on poor network performance and unexpected billing inaccuracies. **2. Common Patterns**: Recurring complaints point to unusable data speeds, dropped calls, and horrible coverage, alongside frustrations with surprise international roaming charges and missing discounts. In contrast, there is also a pattern of positive feedback specifically praising the helpfulness of customer service representatives. **3. Severity Assessment**: High. The complaints indicate a fundamental failure of the network service, which is the company's core product. **4. Root Cause**: The geographically concentrated network complaints strongly suggest a localized infrastructure problem, such as a malfunctioning cell tower, outdated equipment, or extreme network congestion in the area. **5. Recommended Action**: Immediately dispatch a network engineering team to investigate and diagnose the performance of cell towers and equipment serving the area around the geographic center to address the root cause of the service failures."
16,20,Yes,,"The primary theme is a significant breakdown in customer trust, driven by a combination of billing inaccuracies and extremely poor customer service experiences when seeking resolutions.","Recurring issues include billing discrepancies (unfulfilled discounts, autopay failures), negative interactions with customer service (rude or unhelpful representatives), and general network performance complaints.",,"The likely root cause is a disconnect between sales promises and billing system execution, combined with support agents who may be poorly trained or lack the authority to correct these specific financial discrepancies.","Prioritize an immediate audit of this region's sales promotions versus actual billing, and provide targeted training and empowerment for local support teams to resolve these specific discount and billing issues on the first contact.","Here is the analysis of Cluster 16: **1. Main Issue**: The primary theme is a significant breakdown in customer trust, driven by a combination of billing inaccuracies and extremely poor customer service experiences when seeking resolutions. **2. Common Patterns**: Recurring issues include billing discrepancies (unfulfilled discounts, autopay failures), negative interactions with customer service (rude or unhelpful representatives), and general network performance complaints. **3. Severity Assessment**: **High**. The prevalence of issues involving financial errors and feeling ""scammed,"" compounded by ineffective support, poses a major risk for customer churn. **4. Root Cause**: The likely root cause is a disconnect between sales promises and billing system execution, combined with support agents who may be poorly trained or lack the authority to correct these specific financial discrepancies. **5. Recommended Action**: Prioritize an immediate audit of this region's sales promotions versus actual billing, and provide targeted training and empowerment for local support teams to resolve these specific discount and billing issues on the first contact."
17,29,Yes,,"This Dallas-based cluster is defined by critical failures in core service delivery and billing accuracy, leading to significant customer frustration.","The most frequent complaints involve recurring monthly billing errors, poor network coverage (signal drops, no 5G), and ineffective customer support unable to resolve these issues.",,"Problems suggest localized network infrastructure gaps or faults in this Dallas area, combined with a potential systemic flaw in the billing system affecting these accounts.",Immediately dispatch a network engineering team to investigate tower performance at the cluster's geographic center and concurrently initiate a high-priority audit of the billing accounts to identify and resolve the source of the errors.,"Here is the analysis of the customer complaint cluster: **Main Issue**: This Dallas-based cluster is defined by critical failures in core service delivery and billing accuracy, leading to significant customer frustration. **Common Patterns**: The most frequent complaints involve recurring monthly billing errors, poor network coverage (signal drops, no 5G), and ineffective customer support unable to resolve these issues. **Severity Assessment**: **High**. The issues directly impact the fundamental service customers are paying for and their financial transactions, causing major dissatisfaction. **Root Cause**: Problems suggest localized network infrastructure gaps or faults in this Dallas area, combined with a potential systemic flaw in the billing system affecting these accounts. **Recommended Action**: Immediately dispatch a network engineering team to investigate tower performance at the cluster's geographic center and concurrently initiate a high-priority audit of the billing accounts to identify and resolve the source of the errors."
18,21,Yes,,"The primary theme is a systemic failure of customer support to resolve a variety of underlying service and billing problems, leading to extreme customer frustration.","Recurring issues include ineffective customer service (endless transfers, rude staff), network quality problems (dropped calls, poor 5G), and system failures (faulty autopay, website crashes).",High. The combination of core service failures with an inability to get them resolved creates a significant risk of customer churn.,The likely root cause is an inadequately trained or under-resourced customer support center combined with unreliable back-end systems for billing and network management.,"Prioritize an urgent review of the support center's performance metrics for this region, focusing on first-call resolution rates and agent training programs.","Here is the analysis of the customer complaint cluster: **Main Issue**: The primary theme is a systemic failure of customer support to resolve a variety of underlying service and billing problems, leading to extreme customer frustration. **Common Patterns**: Recurring issues include ineffective customer service (endless transfers, rude staff), network quality problems (dropped calls, poor 5G), and system failures (faulty autopay, website crashes). **Severity Assessment**: High. The combination of core service failures with an inability to get them resolved creates a significant risk of customer churn. **Root Cause**: The likely root cause is an inadequately trained or under-resourced customer support center combined with unreliable back-end systems for billing and network management. **Recommended Action**: Prioritize an urgent review of the support center's performance metrics for this region, focusing on first-call resolution rates and agent training programs."
19,21,Yes,,"This cluster indicates a poor overall customer experience, characterized by a mix of unreliable network performance, frustrating digital platforms, and negative customer support interactions.","Recurring issues include inconsistent network coverage (signal drops, no 5G), billing discrepancies following plan changes, and unhelpful or rude customer service representatives.","High. The combination of core service failures with issues that erode customer trust (billing errors, poor support) poses a significant risk for customer churn.","The varied complaints suggest a potential disconnect between local network quality and the regional support and sales channels, rather than a single technical fault.","Prioritize a cross-functional review for this area, tasking Network Operations to investigate the reported coverage gaps and Customer Care leadership to audit support interactions and billing escalations.","Here is the analysis of Cluster 19: **1. Main Issue**: This cluster indicates a poor overall customer experience, characterized by a mix of unreliable network performance, frustrating digital platforms, and negative customer support interactions. **2. Common Patterns**: Recurring issues include inconsistent network coverage (signal drops, no 5G), billing discrepancies following plan changes, and unhelpful or rude customer service representatives. **3. Severity Assessment**: High. The combination of core service failures with issues that erode customer trust (billing errors, poor support) poses a significant risk for customer churn. **4. Root Cause**: The varied complaints suggest a potential disconnect between local network quality and the regional support and sales channels, rather than a single technical fault. **5. Recommended Action**: Prioritize a cross-functional review for this area, tasking Network Operations to investigate the reported coverage gaps and Customer Care leadership to audit support interactions and billing escalations."
20,23,Yes,,"This cluster's primary problem is severe and inconsistent network performance, characterized by complaints of unusable data speeds and a lack of 5G service. These technical failings are compounded by reports of poor customer service experiences.","The most frequent complaints are ""incredibly slow"" data speeds, no 5G signal, and negative customer service interactions (long waits, unhelpful representatives). A notable pattern is the sharp contrast between extremely negative and positive reports, suggesting service inconsistency.",High. The core complaints relate to the fundamental usability of the service (data connectivity) and are likely to cause significant customer frustration and churn.,"The geographic concentration of these issues points to a localized network infrastructure problem, likely a congested or malfunctioning cell tower serving this specific area.","Prioritize dispatching a network engineering team to investigate cell tower performance, capacity, and potential hardware faults at the cluster's geographic center to address the root cause of the poor data speeds.","Here is the analysis of Cluster 20: **1. Main Issue**: This cluster's primary problem is severe and inconsistent network performance, characterized by complaints of unusable data speeds and a lack of 5G service. These technical failings are compounded by reports of poor customer service experiences. **2. Common Patterns**: The most frequent complaints are ""incredibly slow"" data speeds, no 5G signal, and negative customer service interactions (long waits, unhelpful representatives). A notable pattern is the sharp contrast between extremely negative and positive reports, suggesting service inconsistency. **3. Severity Assessment**: High. The core complaints relate to the fundamental usability of the service (data connectivity) and are likely to cause significant customer frustration and churn. **4. Root Cause**: The geographic concentration of these issues points to a localized network infrastructure problem, likely a congested or malfunctioning cell tower serving this specific area. **5. Recommended Action**: Prioritize dispatching a network engineering team to investigate cell tower performance, capacity, and potential hardware faults at the cluster's geographic center to address the root cause of the poor data speeds."
21,20,Yes,,The primary problem in this cluster is a significant disconnect between promises made during sales or plan upgrades and the actual charges that appear on customer bills. This leads to feelings of being misled and a loss of trust.,"Recurring issues include promised discounts not being applied, bills being higher than quoted after a plan change, and highly polarized customer service experiences ranging from excellent to extremely poor.","High, due to the frequency of financial-related complaints which directly impact customer trust and can lead to churn.","The underlying issue is likely a systemic breakdown between the sales/retention teams and the billing system, potentially caused by inadequate training on applying promotions or system limitations.","Immediately initiate an audit of recent plan upgrades and promotional offers in this geographic area to identify whether the issue is with specific agents, a flawed system process, or a particular promotion.","Here is the analysis of the customer complaint cluster: **Main Issue**: The primary problem in this cluster is a significant disconnect between promises made during sales or plan upgrades and the actual charges that appear on customer bills. This leads to feelings of being misled and a loss of trust. **Common Patterns**: Recurring issues include promised discounts not being applied, bills being higher than quoted after a plan change, and highly polarized customer service experiences ranging from excellent to extremely poor. **Severity Assessment**: High, due to the frequency of financial-related complaints which directly impact customer trust and can lead to churn. **Root Cause**: The underlying issue is likely a systemic breakdown between the sales/retention teams and the billing system, potentially caused by inadequate training on applying promotions or system limitations. **Recommended Action**: Immediately initiate an audit of recent plan upgrades and promotional offers in this geographic area to identify whether the issue is with specific agents, a flawed system process, or a particular promotion."
22,26,No,,,,,,,
23,24,No,,,,,,,
24,20,No,,,,,,,
25,29,No,,,,,,,
26,20,No,,,,,,,
27,20,No,,,,,,,
28,21,No,,,,,,,
29,20,No,,,,,,,
30,20,No,,,,,,,
31,20,No,,,,,,,
32,20,No,,,,,,,
33,21,No,,,,,,,
34,20,No,,,,,,,
35,30,No,,,,,,,
36,20,No,,,,,,,
37,20,No,,,,,,,
38,20,No,,,,,,,
